"Value","Reference","Footprint"
"Electrosmith_Daisy_Seed_Rev4","A1","Module:Electrosmith_Daisy_Seed"
"100NF","C1,C3,C5,C6,C7,C8,C19,C20,C22,C23,C31,C32,C34,C40,C47","Capacitor_SMD:C_0603_1608Metric"
"100UF","C2,C16,C29,C30,C37,C38,C39,C41,C46,C49","Capacitor_SMD:CP_Elec_6.3x7.7"
"470PF","C4,C26","Capacitor_SMD:C_0603_1608Metric"
"10UF","C9,C10,C11,C12,C42,C43","Capacitor_SMD:CP_Elec_4x5.8"
"330PF C0G","C13,C25","Capacitor_SMD:C_0603_1608Metric"
"1NF","C14,C15","Capacitor_SMD:C_0603_1608Metric"
"470PF C0G","C17,C27","Capacitor_SMD:C_0603_1608Metric"
"10UF MLCC","C18,C33,C35","Capacitor_SMD:C_0805_2012Metric"
"1UF","C21","Capacitor_SMD:C_0603_1608Metric"
"470NF","C24,C28","Capacitor_SMD:C_0603_1608Metric"
"560PF","C36","Capacitor_SMD:C_0603_1608Metric"
"LED","D1,D2,D3,D4,D5,D6,D7,D8,D9,D10,D11,D12,D13,D14,D15,D16","LED_SMD:LED_0603_1608Metric"
"1N5817WS","D17,D18,D19,D20,D21,D22,D23,D24,D25","Diode_SMD:D_SOD-323F"
"AudioJack3_Switch","J1,J2,J3,J4","Connector_Audio:Jack_6.35mm_Neutrik_NMJ6HCD2_Horizontal"
"AudioJack3_Switch_HEADPHONE","J5","Connector_Audio:Jack_3.5mm_CUI_SJ-3523-SMT_Horizontal"
"USB4110GFA","J7","USB4110GFA:GCT_USB4110GFA"
"DIN_MIDI_5P","J8,J10,J11","parts-for-kicad:57PC5F"
"~","J_CV_IN_1,J_CV_IN_2,J_CV_OUT_1,J_CV_OUT_2,J_GATE_IN1,J_GATE_IN2","Electrosmith-Interface:S_JACK"
"6.8uH 2.9A","L2","Inductor_SMD:L_TDK_VLS6045EX_VLS6045AF"
"TF-01A","MICRO_SD7","TF-01A:TF-01A"
"MMBT3904","Q1,Q2","Package_TO_SOT_SMD:SOT-23"
"5K1","R1,R2","Resistor_SMD:R_0603_1608Metric"
"270R","R3","Resistor_SMD:R_0603_1608Metric"
"220R","R4","Resistor_SMD:R_0603_1608Metric"
"33K","R5,R7,R34,R38,R77,R78","Resistor_SMD:R_0603_1608Metric"
"10R","R6,R10,R29,R59","Resistor_SMD:R_0603_1608Metric"
"100K","R8,R17,R33,R37,R66,R76","Resistor_SMD:R_0603_1608Metric"
"3R3","R9,R95,R97,R98,R99","Resistor_SMD:R_1206_3216Metric"
"10K","R11,R12,R13,R14,R15,R16,R19,R20,R21,R22,R24,R25,R26,R27,R28,R30,R31,R61,R68,R83,R85,R86,R87,R88,R91,R96,R100,R101","Resistor_SMD:R_0603_1608Metric"
"1M","R18,R67,R81","Resistor_SMD:R_0603_1608Metric"
"100R","R23,R55,R60,R73,R102,R103","Resistor_SMD:R_0603_1608Metric"
"20K","R32,R63,R90,R94","Resistor_SMD:R_0603_1608Metric"
"2K","R35,R36,R39,R40,R41,R42,R43,R44,R45,R46,R47,R58,R69,R70,R71,R72,R74,R75","Resistor_SMD:R_0603_1608Metric"
"120K","R48,R56","Resistor_SMD:R_0603_1608Metric"
"62K","R49,R57,R82","Resistor_SMD:R_0603_1608Metric"
"47K","R50,R51,R52,R53,R54,R64,R65","Resistor_SMD:R_0603_1608Metric"
"750R","R62,R93","Resistor_SMD:R_0603_1608Metric"
"22K","R79,R80","Resistor_SMD:R_0603_1608Metric"
"0R","R84","Resistor_SMD:R_0603_1608Metric"
"1K","R89,R92","Resistor_SMD:R_0603_1608Metric"
"R_Potentiometer_Dual_Separate","RV1","shnsly:Rotary Pot RK10J"
"PTH Mini Button","S1,S2,S3,S4,S5,S6,S7,S8,S9,S10,S11,S12,S13,S14,S15,S16","parts-for-kicad:TL1105SPF250Q_SILK"
"TOGGLE_ON-ON_PIP3","SW17","Electrosmith-Interface:TOGGLE_ON-ON"
"TOGGLE_ON_OFF_ON_PIP2","SW18","Electrosmith-Interface:TOGGLE_ON_OFF_ON"
"TPA6110A2DGN","U1","Package_SO:HVSSOP-8-1EP_3x3mm_P0.65mm_EP1.57x1.89mm"
"MCP6002-xSN","U2,U6,U9","Package_SO:SOIC-8_3.9x4.9mm_P1.27mm"
"OPA1652","U3,U15","Package_SO:SOIC-8_3.9x4.9mm_P1.27mm"
"CD4021BM96","U4,U5","Package_SO:SOIC-16_3.9x9.9mm_P1.27mm"
"LMR62421XMF","U7","Package_TO_SOT_SMD:SOT-23-5"
"PCA9685PW","U8","Package_SO:TSSOP-28_4.4x9.7mm_P0.65mm"
"LD1117S50TR_SOT223","U10","Package_TO_SOT_SMD:SOT-223-3_TabPin2"
"H11L1","U11","Package_DIP:DIP-6_W7.62mm"
"CD4051B","U12","Package_SO:SOIC-16_3.9x9.9mm_P1.27mm"
"USBLC6-2SC6","U14","Package_TO_SOT_SMD:SOT-23-6"
"P-10K-B-R","VR1,VR2,VR3,VR4,VR5,VR6,VR7,VR8","parts-for-kicad:9MM_SNAP-IN_POT_SILK"
