Designator,Val,Package,Mid X,Mid Y,Rotation,Layer
A1,Electrosmith_Daisy_Seed_Rev4,Electrosmith_Daisy_Seed,2.795000,29.705000,90.000000,top
C1,100NF,C_0603_1608Metric,167.400000,65.600000,-90.000000,top
C2,100UF,CP_Elec_6.3x7.7,32.500000,74.500000,90.000000,top
C3,100NF,C_0603_1608Metric,150.200000,71.800000,180.000000,top
C4,470PF,C_0603_1608Metric,64.600000,74.600000,180.000000,top
C5,100NF,C_0603_1608Metric,57.600000,75.800000,0.000000,top
C6,100NF,C_0603_1608Metric,82.026250,63.712500,0.000000,top
C7,100NF,C_0603_1608Metric,51.200000,16.225000,90.000000,top
C8,100NF,C_0603_1608Metric,51.200000,4.200000,90.000000,top
C9,10UF,CP_Elec_4x5.8,143.400000,71.000000,180.000000,top
C10,10UF,CP_Elec_4x5.8,161.200000,70.000000,180.000000,top
C11,10UF,CP_Elec_4x5.8,51.400000,78.400000,90.000000,top
C12,10UF,CP_Elec_4x5.8,61.600000,78.400000,90.000000,top
C13,330PF,C_0603_1608Metric,158.600000,74.000000,90.000000,top
C14,1NF,C_0603_1608Metric,102.000000,84.400000,0.000000,top
C15,1NF,C_0603_1608Metric,100.800000,72.000000,0.000000,top
C16,100UF,CP_Elec_6.3x7.7,20.500000,56.000000,180.000000,top
C17,470PF,C_0603_1608Metric,60.600000,72.200000,-90.000000,top
C18,10UF MLCC,C_0805_2012Metric,19.600000,60.775000,180.000000,top
C19,100NF,C_0603_1608Metric,98.800000,80.200000,-90.000000,top
C20,100NF,C_0603_1608Metric,94.330000,75.600000,-90.000000,top
C21,1UF,C_0603_1608Metric,172.740000,34.400000,-90.000000,top
C22,100NF,C_0603_1608Metric,167.200000,31.000000,90.000000,top
C23,100NF,C_0603_1608Metric,19.775000,62.575000,180.000000,top
C24,470NF,C_0603_1608Metric,174.400000,37.600000,90.000000,top
C25,330PF,C_0603_1608Metric,146.200000,75.400000,90.000000,top
C26,470PF,C_0603_1608Metric,47.400000,75.800000,0.000000,top
C27,470PF,C_0603_1608Metric,51.400000,73.400000,-90.000000,top
C28,470NF,C_0603_1608Metric,167.200000,40.600000,90.000000,top
C29,100UF,CP_Elec_6.3x7.7,172.800000,24.400000,-90.000000,top
C30,100UF,CP_Elec_6.3x7.7,165.400000,24.400000,-90.000000,top
C31,100NF,C_0603_1608Metric,34.000000,61.005000,180.000000,top
C32,100NF,C_0603_1608Metric,55.025000,30.200000,0.000000,top
C33,10UF MLCC,C_0805_2012Metric,9.600000,80.900000,0.000000,top
C34,100NF,C_0603_1608Metric,178.200000,41.000000,-90.000000,top
C35,10UF MLCC,C_0805_2012Metric,9.700000,90.100000,0.000000,top
C36,560PF,C_0603_1608Metric,3.300000,88.400000,90.000000,top
C37,100UF,CP_Elec_6.3x7.7,23.000000,90.500000,0.000000,top
C38,100UF,CP_Elec_6.3x7.7,23.000000,82.500000,0.000000,top
C39,100UF,CP_Elec_6.3x7.7,23.000000,74.500000,0.000000,top
C40,100NF,C_0603_1608Metric,23.000000,67.750000,-90.000000,top
C41,100UF,CP_Elec_6.3x7.7,40.500000,74.500000,90.000000,top
C46,100UF,CP_Elec_6.3x7.7,6.200000,58.800000,180.000000,top
C47,100NF,C_0603_1608Metric,178.200000,47.600000,90.000000,top
C49,100UF,CP_Elec_6.3x7.7,6.200000,51.600000,180.000000,top
D1,LED,LED_0603_1608Metric,69.000000,33.000000,180.000000,top
D2,LED,LED_0603_1608Metric,81.285714,33.000000,180.000000,top
D3,LED,LED_0603_1608Metric,93.571429,33.000000,180.000000,top
D4,LED,LED_0603_1608Metric,105.857143,33.000000,180.000000,top
D5,LED,LED_0603_1608Metric,118.142857,33.000000,180.000000,top
D6,LED,LED_0603_1608Metric,130.428571,33.000000,180.000000,top
D7,LED,LED_0603_1608Metric,142.714286,33.000000,180.000000,top
D8,LED,LED_0603_1608Metric,155.000000,33.000000,180.000000,top
D9,LED,LED_0603_1608Metric,69.000000,17.000000,180.000000,top
D10,LED,LED_0603_1608Metric,81.285714,17.000000,180.000000,top
D11,LED,LED_0603_1608Metric,93.571429,17.000000,180.000000,top
D12,LED,LED_0603_1608Metric,105.857143,17.000000,180.000000,top
D13,LED,LED_0603_1608Metric,118.142857,17.000000,180.000000,top
D14,LED,LED_0603_1608Metric,130.428571,17.000000,180.000000,top
D15,LED,LED_0603_1608Metric,142.714286,17.000000,180.000000,top
D16,LED,LED_0603_1608Metric,155.000000,17.000000,180.000000,top
D17,1N5817WS,D_SOD-323F,6.800000,88.500000,-90.000000,top
D18,1N5817WS,D_SOD-323F,48.500000,48.500000,180.000000,top
D19,1N5817WS,D_SOD-323F,44.500000,48.500000,180.000000,top
D20,1N5817WS,D_SOD-323F,75.500000,96.000000,90.000000,top
D21,1N5817WS,D_SOD-323F,154.400000,67.800000,0.000000,top
D22,1N5817WS,D_SOD-323F,154.400000,69.800000,180.000000,top
D23,1N5817WS,D_SOD-323F,150.400000,67.800000,180.000000,top
D24,1N5817WS,D_SOD-323F,150.400000,69.800000,0.000000,top
D25,1N5817WS,D_SOD-323F,75.500000,90.500000,-90.000000,top
FD1,FIDUCIAL,Fiducial_1mm_Mask2mm,14.770000,5.140000,0.000000,top
FD2,FIDUCIAL,Fiducial_1mm_Mask2mm,2.001100,99.996400,0.000000,top
FD3,FIDUCIAL,Fiducial_1mm_Mask2mm,185.400000,5.000000,0.000000,top
J1,AudioJack3_Switch,Jack_6.35mm_Neutrik_NMJ6HCD2_Horizontal,154.685000,90.765000,90.000000,top
J2,AudioJack3_Switch,Jack_6.35mm_Neutrik_NMJ6HCD2_Horizontal,132.285000,90.765000,90.000000,top
J3,AudioJack3_Switch,Jack_6.35mm_Neutrik_NMJ6HCD2_Horizontal,54.285000,90.765000,90.000000,top
J4,AudioJack3_Switch,Jack_6.35mm_Neutrik_NMJ6HCD2_Horizontal,31.800000,90.800000,90.000000,top
J5,AudioJack3_Switch_HEADPHONE,Jack_3.5mm_CUI_SJ-3523-SMT_Horizontal,173.600000,8.800000,180.000000,top
J7,USB4110GFA,GCT_USB4110GFA,6.000000,69.910000,-90.000000,top
J8,DIN_MIDI_5P,57PC5F,184.800000,66.700000,90.000000,top
J10,DIN_MIDI_5P,57PC5F,184.800000,42.700000,90.000000,top
J11,DIN_MIDI_5P,57PC5F,184.800000,90.700000,90.000000,top
J_CV_IN_1,~,S_JACK,112.300000,95.200000,0.000000,top
J_CV_IN_2,~,S_JACK,112.300000,79.600000,0.000000,top
J_CV_OUT_1,~,S_JACK,82.000000,95.200000,0.000000,top
J_CV_OUT_2,~,S_JACK,82.000000,79.600000,0.000000,top
J_GATE_IN1,~,S_JACK,122.400000,95.200000,0.000000,top
J_GATE_IN2,~,S_JACK,122.400000,79.600000,0.000000,top
L2,6.8uH 2.9A,L_TDK_VLS6045EX_VLS6045AF,11.200000,85.600000,90.000000,top
MICRO_SD7,TF-01A,TF-01A,8.275000,18.300000,-90.000000,top
Q1,MMBT3904,SOT-23,134.387500,73.540000,-90.000000,top
Q2,MMBT3904,SOT-23,129.600000,73.600000,-90.000000,top
R1,5K1,R_0603_1608Metric,13.400000,72.200000,0.000000,top
R2,5K1,R_0603_1608Metric,13.400000,67.000000,0.000000,top
R3,270R,R_0603_1608Metric,165.600000,65.600000,-90.000000,top
R4,220R,R_0603_1608Metric,178.200000,50.800000,90.000000,top
R5,33K,R_0603_1608Metric,106.000000,83.600000,90.000000,top
R6,10R,R_0603_1608Metric,178.200000,94.425000,-90.000000,top
R7,33K,R_0603_1608Metric,104.800000,72.800000,-90.000000,top
R8,100K,R_0603_1608Metric,103.200000,72.800000,-90.000000,top
R9,3R3,R_1206_3216Metric,12.600000,55.400000,-90.000000,top
R10,10R,R_0603_1608Metric,178.000000,73.400000,90.000000,top
R11,10K,R_0603_1608Metric,62.800000,26.400000,-90.000000,top
R12,10K,R_0603_1608Metric,75.200000,26.400000,-90.000000,top
R13,10K,R_0603_1608Metric,87.400000,26.400000,-90.000000,top
R14,10K,R_0603_1608Metric,99.800000,26.400000,-90.000000,top
R15,10K,R_0603_1608Metric,112.000000,26.400000,-90.000000,top
R16,10K,R_0603_1608Metric,124.400000,26.400000,-90.000000,top
R17,100K,R_0603_1608Metric,134.387500,77.985000,0.000000,top
R18,1M,R_0603_1608Metric,134.387500,76.397500,0.000000,top
R19,10K,R_0603_1608Metric,135.975000,71.000000,-90.000000,top
R20,10K,R_0603_1608Metric,136.800000,26.400000,-90.000000,top
R21,10K,R_0603_1608Metric,149.200000,26.400000,-90.000000,top
R22,10K,R_0603_1608Metric,63.000000,10.200000,-90.000000,top
R23,100R,R_0603_1608Metric,132.800000,71.000000,90.000000,top
R24,10K,R_0603_1608Metric,112.200000,10.200000,-90.000000,top
R25,10K,R_0603_1608Metric,75.600000,10.200000,-90.000000,top
R26,10K,R_0603_1608Metric,124.400000,10.200000,-90.000000,top
R27,10K,R_0603_1608Metric,87.600000,10.200000,-90.000000,top
R28,10K,R_0603_1608Metric,136.800000,10.200000,-90.000000,top
R29,10R,R_0603_1608Metric,167.400000,68.800000,-90.000000,top
R30,10K,R_0603_1608Metric,100.000000,10.200000,-90.000000,top
R31,10K,R_0603_1608Metric,148.800000,10.200000,-90.000000,top
R32,20K,R_0603_1608Metric,160.200000,74.000000,-90.000000,top
R33,100K,R_0603_1608Metric,102.000000,86.000000,180.000000,top
R34,33K,R_0603_1608Metric,102.000000,82.800000,0.000000,top
R35,2K,R_0603_1608Metric,78.200000,33.000000,0.000000,top
R36,2K,R_0603_1608Metric,90.400000,33.000000,0.000000,top
R37,100K,R_0603_1608Metric,102.400000,70.400000,0.000000,top
R38,33K,R_0603_1608Metric,100.800000,73.600000,0.000000,top
R39,2K,R_0603_1608Metric,102.800000,33.000000,0.000000,top
R40,2K,R_0603_1608Metric,115.000000,33.000000,0.000000,top
R41,2K,R_0603_1608Metric,127.400000,33.000000,0.000000,top
R42,2K,R_0603_1608Metric,139.600000,33.000000,0.000000,top
R43,2K,R_0603_1608Metric,65.800000,33.000000,0.000000,top
R44,2K,R_0603_1608Metric,151.800000,33.000000,0.000000,top
R45,2K,R_0603_1608Metric,65.800000,17.000000,0.000000,top
R46,2K,R_0603_1608Metric,78.200000,17.000000,0.000000,top
R47,2K,R_0603_1608Metric,90.400000,17.000000,0.000000,top
R48,120K,R_0603_1608Metric,91.503750,84.478750,0.000000,top
R49,62K,R_0603_1608Metric,91.503750,82.891250,180.000000,top
R50,47K,R_0603_1608Metric,7.750000,33.175000,90.000000,top
R51,47K,R_0603_1608Metric,5.250000,33.175000,90.000000,top
R52,47K,R_0603_1608Metric,15.500000,33.175000,90.000000,top
R53,47K,R_0603_1608Metric,13.000000,33.175000,90.000000,top
R54,47K,R_0603_1608Metric,10.500000,33.175000,90.000000,top
R55,100R,R_0603_1608Metric,93.900000,83.700000,-90.000000,top
R56,120K,R_0603_1608Metric,90.233750,71.778750,0.000000,top
R57,62K,R_0603_1608Metric,90.233750,73.366250,180.000000,top
R58,2K,R_0603_1608Metric,102.800000,17.000000,0.000000,top
R59,10R,R_0603_1608Metric,178.200000,84.825000,90.000000,top
R60,100R,R_0603_1608Metric,92.773750,72.413750,90.000000,top
R61,10K,R_0603_1608Metric,65.400000,72.200000,-90.000000,top
R62,750R,R_0603_1608Metric,63.800000,72.200000,90.000000,top
R63,20K,R_0603_1608Metric,62.200000,72.200000,-90.000000,top
R64,47K,R_0603_1608Metric,143.000000,75.400000,-90.000000,top
R65,47K,R_0603_1608Metric,161.800000,74.000000,-90.000000,top
R66,100K,R_0603_1608Metric,129.600000,78.000000,0.000000,top
R67,1M,R_0603_1608Metric,129.600000,76.400000,0.000000,top
R68,10K,R_0603_1608Metric,131.000000,71.000000,-90.000000,top
R69,2K,R_0603_1608Metric,115.000000,17.000000,0.000000,top
R70,2K,R_0603_1608Metric,127.400000,17.000000,0.000000,top
R71,2K,R_0603_1608Metric,139.600000,17.000000,0.000000,top
R72,2K,R_0603_1608Metric,151.800000,17.000000,0.000000,top
R73,100R,R_0603_1608Metric,128.200000,71.000000,90.000000,top
R74,2K,R_0603_1608Metric,30.600000,25.800000,-90.000000,top
R75,2K,R_0603_1608Metric,33.600000,25.800000,-90.000000,top
R76,100K,R_0603_1608Metric,104.400000,83.600000,90.000000,top
R77,33K,R_0603_1608Metric,167.200000,34.200000,90.000000,top
R78,33K,R_0603_1608Metric,172.740000,31.000000,90.000000,top
R79,22K,R_0603_1608Metric,174.400000,34.400000,90.000000,top
R80,22K,R_0603_1608Metric,167.200000,37.425000,-90.000000,top
R81,1M,R_0603_1608Metric,6.000000,81.600000,0.000000,top
R82,62K,R_0603_1608Metric,4.900000,88.400000,-90.000000,top
R83,10K,R_0603_1608Metric,3.300000,85.100000,-90.000000,top
R84,0R,R_0603_1608Metric,6.000000,80.000000,180.000000,top
R85,10K,R_0603_1608Metric,157.000000,74.000000,-90.000000,top
R86,10K,R_0603_1608Metric,26.500000,58.500000,180.000000,top
R87,10K,R_0603_1608Metric,19.000000,64.975000,-90.000000,top
R88,10K,R_0603_1608Metric,20.600000,64.975000,90.000000,top
R89,1K,R_0603_1608Metric,157.000000,70.800000,-90.000000,top
R90,20K,R_0603_1608Metric,144.600000,75.400000,-90.000000,top
R91,10K,R_0603_1608Metric,147.800000,75.400000,-90.000000,top
R92,1K,R_0603_1608Metric,147.800000,72.200000,-90.000000,top
R93,750R,R_0603_1608Metric,48.200000,73.400000,90.000000,top
R94,20K,R_0603_1608Metric,49.800000,73.400000,-90.000000,top
R95,3R3,R_1206_3216Metric,12.600000,60.200000,-90.000000,top
R96,10K,R_0603_1608Metric,46.600000,73.400000,-90.000000,top
R97,3R3,R_1206_3216Metric,17.500000,86.500000,-90.000000,top
R98,3R3,R_1206_3216Metric,17.500000,78.500000,-90.000000,top
R99,3R3,R_1206_3216Metric,36.500000,69.000000,0.000000,top
RV1,R_Potentiometer_Dual_Separate,Rotary Pot RK10J,191.325000,19.400000,-90.000000,top
S1,PTH Mini Button,TL1105SPF250Q_SILK,69.000000,26.000000,0.000000,top
S2,PTH Mini Button,TL1105SPF250Q_SILK,81.285714,26.000000,0.000000,top
S3,PTH Mini Button,TL1105SPF250Q_SILK,93.571429,26.000000,0.000000,top
S4,PTH Mini Button,TL1105SPF250Q_SILK,105.857143,26.000000,0.000000,top
S5,PTH Mini Button,TL1105SPF250Q_SILK,118.142857,26.000000,0.000000,top
S6,PTH Mini Button,TL1105SPF250Q_SILK,130.428571,26.000000,0.000000,top
S7,PTH Mini Button,TL1105SPF250Q_SILK,142.714286,26.000000,0.000000,top
S8,PTH Mini Button,TL1105SPF250Q_SILK,155.000000,26.000000,0.000000,top
S9,PTH Mini Button,TL1105SPF250Q_SILK,69.000000,10.000000,0.000000,top
S10,PTH Mini Button,TL1105SPF250Q_SILK,81.285714,10.000000,0.000000,top
S11,PTH Mini Button,TL1105SPF250Q_SILK,93.571429,10.000000,0.000000,top
S12,PTH Mini Button,TL1105SPF250Q_SILK,105.857143,10.000000,0.000000,top
S13,PTH Mini Button,TL1105SPF250Q_SILK,118.142857,10.000000,0.000000,top
S14,PTH Mini Button,TL1105SPF250Q_SILK,130.428571,10.000000,0.000000,top
S15,PTH Mini Button,TL1105SPF250Q_SILK,142.714286,10.000000,0.000000,top
S16,PTH Mini Button,TL1105SPF250Q_SILK,155.000000,10.000000,0.000000,top
SW17,TOGGLE_ON-ON_PIP3,TOGGLE_ON-ON,45.567500,14.665000,90.000000,top
SW18,TOGGLE_ON_OFF_ON_PIP2,TOGGLE_ON_OFF_ON,32.073750,14.665000,90.000000,top
U1,TPA6110A2DGN,HVSSOP-8-1EP_3x3mm_P0.65mm_EP1.57x1.89mm,169.870000,32.990000,-90.000000,top
U2,MCP6002-xSN,SOIC-8_3.9x4.9mm_P1.27mm,102.400000,78.200000,90.000000,top
U3,OPA1652,SOIC-8_3.9x4.9mm_P1.27mm,56.000000,72.200000,0.000000,top
U4,4021,SOIC-16_3.9x9.9mm_P1.27mm,55.925000,7.905000,180.000000,top
U5,4021,SOIC-16_3.9x9.9mm_P1.27mm,56.000000,20.000000,180.000000,top
U6,MCP6002-xSN,SOIC-8_3.9x4.9mm_P1.27mm,90.435000,78.125000,-90.000000,top
U7,LMR62421XMF,SOT-23-5,6.000000,84.500000,-90.000000,top
U8,PCA9685PW,TSSOP-28_4.4x9.7mm_P0.65mm,59.000000,36.200000,180.000000,top
U9,MCP6002-xSN,SOIC-8_3.9x4.9mm_P1.27mm,31.975000,57.500000,0.000000,top
U10,LD1117S50TR_SOT223,SOT-223-3_TabPin2,27.500000,65.250000,-90.000000,top
U11,H11L1,DIP-6_W7.62mm,177.205000,64.260000,180.000000,top
U12,CD4051B,SOIC-16_3.9x9.9mm_P1.27mm,75.200000,66.000000,-90.000000,top
U14,USBLC6-2SC6,SOT-23-6,13.950100,69.600000,0.000000,top
U15,OPA1652,SOIC-8_3.9x4.9mm_P1.27mm,152.400000,75.400000,180.000000,top
VR1,P-10K-B-R,9MM_SNAP-IN_POT_SILK,59.123500,55.000000,0.000000,top
VR2,P-10K-B-R,9MM_SNAP-IN_POT_SILK,74.402500,55.000000,0.000000,top
VR3,P-10K-B-R,9MM_SNAP-IN_POT_SILK,89.681500,55.000000,0.000000,top
VR4,P-10K-B-R,9MM_SNAP-IN_POT_SILK,104.960500,55.000000,0.000000,top
VR5,P-10K-B-R,9MM_SNAP-IN_POT_SILK,120.239500,55.000000,0.000000,top
VR6,P-10K-B-R,9MM_SNAP-IN_POT_SILK,135.518500,55.000000,0.000000,top
VR7,P-10K-B-R,9MM_SNAP-IN_POT_SILK,150.797500,55.000000,0.000000,top
VR8,P-10K-B-R,9MM_SNAP-IN_POT_SILK,166.076500,55.000000,0.000000,top
